company-flow	16	3518	7940	6.22	('when', 60)	('el_p', 38)	('check_check_check', 7)
tha-dogg-pound	16	2242	7079	5.77	('nigga', 69)	('dogg_pound', 37)	('dat_nigga_daz', 24)
barry-white	8	316	1496	4.73	('love', 41)	('dont_know', 25)	('cant_get_enough', 16)
lil-cease	13	1830	6443	5.14	('yo', 87)	('yo_yo', 37)	('been_long_time', 17)
dark-lotus	31	2993	12642	4.26	('they', 133)	('dot_com', 74)	('shaggy_2_dope', 34)
digital-underground	39	2374	9392	4.51	('do', 92)	('humpty_hump', 43)	('na_na_na', 40)
soulja-boy	22	1043	5848	5.82	('got', 158)	('soulja_boy', 99)	('da_da_da', 46)
big-boi	3	423	1260	20.02	('que', 51)	('una_mujer', 23)	('una_mujer_una', 12)
spearhead	22	2271	6948	5.12	('but', 92)	('can_see', 13)	('just_goin_over', 8)
g-dep	12	1780	5631	5.34	('get', 89)	('special_delivery', 33)	('danger_zone_danger', 29)
trina	52	2927	15689	4.9	('trina', 159)	("who's_bad", 44)	("who's_bad_who's", 32)
tech-n9ne	62	5698	28551	4.95	('get', 352)	('tech_n9ne', 106)	('chorus_repeat_2x', 18)
special-ed	24	2608	8607	5.03	('so', 123)	('special_ed', 24)	('come_rukus_muthafuckin', 12)
the-beatnuts	14	1710	4180	5.79	('shit', 63)	('some_shit', 18)	('fuck_drink_beer', 16)
sporty-thievz	10	2012	5050	6.21	('up', 67)	('marlon_brando', 12)	('uh_uh_uh', 7)
tlc	69	2367	16432	4.07	('so', 252)	('oh_oh', 81)	('doo_doo_doo', 64)
missy-elliot	27	1711	6861	4.91	('dont', 94)	('uh_huh', 48)	('singing_cant_stand', 28)
sir-mix-a-lot	1	290	499	5.65	('got', 14)	('baby_got', 6)	('baby_got_back', 5)
domino	39	1639	5402	4.63	('all', 64)	('lazy_lady', 20)	('u_really_need', 10)
az-yet	13	546	1891	4.26	('want', 52)	('dont_want', 21)	('what_hell_do', 11)
50-cent	130	6088	51924	5.8	('get', 675)	('50_cent', 367)	('ha_ha_ha', 89)
lisa-stansfield	64	1294	8785	4.37	('love', 203)	('l_stansfieldi', 47)	('na_na_na', 33)
lil-jon	56	2487	24336	5.22	('up', 460)	('lil_jon', 147)	('dont_give_fuck', 68)
quincy-jones	4	157	557	5.13	('if', 19)	('cared_about', 12)	('if_really_cared', 6)
outkast	94	6161	35702	6.52	('but', 384)	('big_boi', 136)	('uh_uh_uh', 40)
raekwon	35	4390	15424	5.12	('yo', 246)	('word_up', 52)	('yo_yo_yo', 12)
surface	7	322	450	3.59	('her', 11)	('scarlet_scarlet', 5)	('scarlet_scarlet_silhouettes', 3)
kanye-west	70	4428	26661	5.55	('get', 317)	('la_la', 113)	('la_la_la', 91)
eric-b-and-rakim	40	3634	16169	5.43	('so', 216)	('eric_b', 27)	('pie_kissed_girls', 12)
mos-def	72	5474	25699	4.75	('they', 294)	('mos_def', 116)	('ah_ah_ah', 24)
trina	52	2927	15689	4.9	('trina', 159)	("who's_bad", 44)	("who's_bad_who's", 32)
ice-t	92	6342	37458	5.04	('get', 420)	('ice_t', 136)	('get_get_get', 98)
nwa	31	2834	14684	5.52	('but', 201)	('eazy_e', 39)	('just_dont_bite', 27)
after-7	32	887	4889	4.36	('love', 153)	('repeat_chorus', 17)	('melvin_edmonds_kevon', 13)
lootpack	21	2335	7791	6.06	('ya', 120)	('wild_child', 61)	('check_1_2', 11)
arrested-development	3	398	664	5.76	('but', 11)	('some_strange', 3)	('strange_reason_had', 3)
big-daddy-kane	90	6385	37304	5.53	('so', 508)	('big_daddy', 150)	('big_daddy_kane', 107)
company-flow	16	3518	7940	6.22	('when', 60)	('el_p', 38)	('check_check_check', 7)
common	86	6839	35105	5.58	("it's", 360)	('go_go', 102)	('go_go_go', 79)
kardinal-offishall	2	572	1034	5.88	('about', 23)	('talkin_about', 15)	('get_money_clip', 4)
timbaland	71	4327	26516	4.89	('what', 404)	('say_what', 98)	('uh_uh_uh', 37)
money-b	1	250	408	7.17	('get', 12)	('get_around', 9)	('hoes_get_around', 2)
method-man	134	9505	57547	5.37	('up', 616)	('method_man', 295)	('yo_yo_yo', 47)
south-park-mexican	102	7094	37841	5.09	('got', 364)	('wiggy_wiggy', 136)	('wiggy_wiggy_wiggy', 108)
tech-n9ne	62	5698	28551	4.95	('get', 352)	('tech_n9ne', 106)	('chorus_repeat_2x', 18)
k-camp	7	566	2103	6.05	('dont', 56)	('give_damn', 24)	('damn_about_none', 24)
masta-ace-incorporated	11	1666	4577	5.96	('so', 64)	('mad_wunz', 13)	('jeep_ass_niguh', 12)
miki-howard	5	353	1423	5.25	('love', 103)	('come_share', 43)	('love_under_new', 21)
afu-ra	15	2044	4710	5.51	('up', 63)	('afu_ra', 40)	('any_come_up', 18)
madonna	203	3533	36767	4.24	('love', 523)	('na_na', 109)	('na_na_na', 101)
illegal	60	2658	14367	7.96	('ich', 690)	('und_ich', 45)	('ich_liebe_dich', 28)
baby-bash	20	1877	6647	5.32	('so', 118)	('rew_rew', 38)	('rew_rew_rew', 35)
diabolic	14	744	1225	4.4	('so', 13)	('was_brought', 3)	('wings_was_brought', 3)
big-tymers	75	4496	36059	5.29	('nigga', 642)	('mannie_fresh', 125)	('no_n_no', 49)
the-diplomats	33	3545	14010	5.68	('get', 218)	('juelz_santana', 52)	("what's_really_good", 37)
color-me-badd	54	1476	8243	4.21	('love', 235)	('la_la', 34)	('la_la_la', 27)
group-home	31	2563	10797	5.6	('niggas', 126)	('lil_dap', 83)	('east_new_york', 14)
snap	9	534	1355	4.57	('oh', 55)	('oh_oh', 34)	('oh_oh_oh', 23)
lil-cease	13	1830	6443	5.14	('yo', 87)	('yo_yo', 37)	('been_long_time', 17)
gang-starr	119	7174	42777	5.83	('so', 482)	('dj_premier', 71)	('dj_premier_cuts', 35)
silk	100	2377	14515	4.07	('all', 197)	('repeat_1', 49)	('no_no_no', 16)
salt-n-pepa	59	3616	21352	5.41	('so', 250)	('no_one', 43)	('cheryl_salt_james', 27)
snoop-dogg	250	9121	104350	5.48	('up', 1433)	('snoop_dogg', 494)	('d_o_double', 93)
gangsta-boo	19	2014	7877	4.9	('nigga', 154)	('or_somethin', 66)	('cat_or_somethin', 33)
mc-eiht	62	3905	24599	4.86	('geah', 376)	('check_out', 50)	('aint_nuthin_but', 29)
shaggy	57	2683	19575	5.69	('she', 253)	('mr_lover', 93)	('body_down_ground', 66)
d-nice	5	352	841	4.81	('ma', 27)	('ma_ma', 24)	('ma_ma_ma', 21)
karyn-white	1	141	298	6.82	('not', 13)	('hoo_hoo', 6)	('kind_girl_can', 5)
epmd	74	5595	29318	5.65	('e', 405)	('erick_sermon', 165)	('out_there_louder', 23)
house-of-pain	36	2543	9963	4.55	('ya', 189)	('house_pain', 31)	('back_from_dead', 23)
vanessa-williams	84	2008	12511	4.39	('love', 209)	('written_by', 49)	('pum_pum_pum', 23)
mc-lyte	44	3143	14908	5.4	('lyte', 201)	('mc_lyte', 62)	('y_t_e', 19)
b-real	1	330	506	6.0	("'em", 12)	("hit_'em", 12)	("hit_'em_high", 6)
dr-dre	98	5933	40175	5.44	('up', 433)	('bang_bang', 186)	('bang_bang_bang', 120)
capone-n-noreaga	44	3357	12888	4.9	('bang', 139)	('bang_bang', 124)	('bang_bang_bang', 113)
frankie-j	47	2096	12539	5.2	('no', 191)	('dont_wanna', 85)	('dont_wanna_try', 66)
c-murder	49	3065	17354	5.76	('niggas', 403)	('c_murder', 96)	('fuck_them_other', 65)
boss	10	656	1025	5.37	('que', 39)	('no_place', 18)	('eu_nunca_te', 2)
fat-joe	93	5991	38444	5.46	('joe', 442)	('fat_joe', 304)	('fat_joe_yeah', 31)
method-man-and-redman	1	414	611	6.13	('got', 8)	('how_high', 3)	('how_sick_so', 2)
savage	39	1607	6144	4.04	('all', 75)	('all_around', 23)	('ride_this_train', 10)
digable-planets	8	797	1881	5.02	('je', 48)	('je_wil', 14)	('nix_drinken_van', 10)
cool-breeze	11	1354	4280	6.02	('got', 93)	('got_people', 44)	('got_people_who', 32)
dido	48	1186	7141	5.12	('dont', 111)	("i've_been", 31)	('see_sun_again', 19)
st-lunatics	20	2518	8929	6.0	('what', 86)	('murphy_lee', 19)	('do_do_do', 15)
the-lox	30	3026	12881	5.03	('out', 140)	('wild_out', 54)	('money_power_respect', 41)
krs-one	65	4668	26295	5.63	('they', 329)	('krs_one', 134)	('black_cop_black', 21)
beastie-boys	125	4940	23896	4.81	('got', 390)	("i've_got", 87)	('empty', 17)
pharoahe-monch	15	2189	5343	5.77	('up', 66)	('bo_bo', 27)	('bo_bo_bo', 21)
babyface	96	1862	16351	4.09	('love', 343)	('pum_pum', 42)	('pum_pum_pum', 21)
john-cena	18	2147	6600	6.08	("it's", 71)	('john_cena', 43)	('what_would_do', 15)
smif-n-wessun	15	1943	6010	6.08	('ya', 88)	('boot_camp', 25)	('stoned_way_walk', 23)
big-pun	39	4018	15999	5.8	('big', 166)	('big_punisher', 82)	('dick_dick_dick', 28)
chris-brown	55	2154	16338	4.67	('girl', 298)	('down_down', 90)	('down_down_down', 73)
whitney-houston	101	2059	15419	4.14	('love', 288)	('oh_yeah', 33)	('oh_yeah_oh', 19)
rakim	70	4555	20226	5.32	("it's", 203)	('follow_leader', 42)	("rakim'll_say_follow", 32)
westside-connection	22	2744	9461	5.46	('na', 128)	('na_na', 121)	('na_na_na', 114)
blackalicious	34	4500	13937	5.59	('all', 142)	('gift_gab', 59)	('dah_da_da', 14)
kottonmouth-kings	139	6940	56292	5.95	('got', 661)	('kottonmouth_kings', 175)	("where's_weed_at", 34)
tru	75	4552	33048	5.64	('nigga', 469)	('master_p', 135)	('hoe_hoe_hoe', 44)
gerald-levert	50	1531	9506	3.93	('baby', 196)	('repeat_1', 53)	('da_da_da', 22)
3rd-bass	20	2876	8917	5.33	('serch', 129)	('mc_serch', 52)	('knock_knock_knock', 22)
ja-rule	94	4271	38579	5.16	('nigga', 429)	('ja_rule', 309)	('up_got_story', 42)
az	16	772	2677	4.63	('want', 52)	('dont_want', 21)	('hell_do_want', 11)
noreaga	71	5050	25322	5.18	('yo', 294)	('la_la', 130)	('bang_bang_bang', 113)
x-clan	9	1661	4127	5.14	('brother', 71)	('brother_j', 36)	('east_brother_east', 18)
snow	71	1501	6564	4.44	('all', 95)	('are_light', 48)	('are_light_are', 40)
dru-hill	38	1528	8428	4.34	('do', 171)	('do_do', 66)	('wild_wild_west', 40)
comptons-most-wanted	10	1366	3856	5.51	('get', 72)	('duck_sick', 26)	('get_duck_sick', 18)
boyz-ii-men	126	2711	20936	4.18	('love', 413)	('love_love', 54)	('boyz_ii_men', 42)
missy-elliot	27	1711	6861	4.91	('dont', 94)	('uh_huh', 48)	('singing_cant_stand', 28)
spice-1	53	3959	23327	5.66	('up', 418)	('spice_1', 94)	('aint_no_love', 38)
mop	55	4001	21990	5.44	('nigga', 295)	('lil_fame', 114)	('cold_as_ice', 21)
ice-cube	170	7967	65056	5.17	('get', 747)	('ice_cube', 557)	('chorus_ice_cube', 49)
the-pharcyde	26	2985	9790	5.63	('but', 101)	('ya_mama', 27)	("it's_jiggaboo_time", 25)
regina-belle	13	608	2424	4.35	('baby', 66)	('let_go', 27)	('so_many_tears', 13)
bad-meets-evil	1	310	465	6.8	('what', 12)	('slim_shady', 2)	('medic_bring_medication', 1)
queen-latifah	12	1398	4001	5.65	('queen', 56)	('queen_latifah', 24)	('say_she_cool', 6)
un	134	3738	22689	4.31	('all', 216)	('la_la', 138)	('la_la_la', 110)
brotha-lynch-hung	18	961	2727	3.87	('know', 41)	('funkmaster_flex', 17)	('they_dont_know', 13)
onyx	38	3986	17603	5.51	('up', 315)	('duuh_duuh', 95)	('duuh_duuh_duuh', 76)
q-tip	11	1321	3697	5.06	('up', 66)	('wait_up', 32)	('wait_up_wait', 22)
brand-nubian	57	5085	26340	5.79	('this', 238)	('lord_jamar', 111)	('think_they_alladat', 22)
ghostface-killah	120	8646	47355	5.87	('up', 520)	('ghostface_killah', 234)	('ghostface_killah_yo', 34)
brandy	130	2651	27439	4.3	('love', 524)	('dont_know', 72)	('ha_ha_ha', 69)
michael-jackson	109	2541	26778	3.73	('dont', 336)	('he_really', 101)	('na_na_na', 59)
souls-of-mischief	43	5198	18085	4.53	('they', 171)	('last_night', 32)	("that's_when_ya", 20)
twista	111	7281	55350	5.77	('up', 817)	('w_w', 96)	('w_w_w', 80)
the-boys	56	2168	9467	4.33	('so', 107)	('na_na', 94)	('na_na_na', 88)
levert	50	1531	9506	3.93	('baby', 196)	('repeat_1', 53)	('da_da_da', 22)
mr-serv-on	18	1664	7290	5.96	('nigga', 211)	('mr_serv', 42)	('bout_some_gangsta', 24)
prodigy	54	998	4895	3.68	('fire', 78)	("world's_fire", 57)	("fire_world's_fire", 50)
new-edition	76	1889	16228	4.38	('love', 390)	('count_out', 62)	('have_count_out', 48)
necro	12	1897	4450	5.37	('get', 47)	('dead_dead', 13)	("you're_dead_dead", 11)
jibbs	12	1243	5183	6.88	('do', 134)	('king_king', 56)	('king_king_king', 32)
bone-thugs-n-harmony	179	7878	94286	6.6	('up', 1436)	('krayzie_bone', 207)	('bone_bone_bone', 101)
coolio	13	1503	4740	5.53	('get', 94)	('mrs_jones', 29)	('ooh_ooh_ooh', 20)
ras-kass	27	4508	12156	5.75	('but', 136)	('ras_kass', 66)	('think_going_out', 10)
usher	125	2825	25432	4.35	('all', 350)	('yeah_yeah', 70)	('yeah_yeah_yeah', 54)
black-moon	11	568	1574	4.55	('let', 24)	('baby_let', 20)	('hair_grow_long', 20)
the-roots	100	8354	40537	5.42	('get', 403)	('black_thought', 204)	('zen_zen_zen', 74)
g-dep	12	1780	5631	5.34	('get', 89)	('special_delivery', 33)	('danger_zone_danger', 29)
mac	276	4208	40596	4.22	('love', 493)	('written_by', 207)	('la_la_la', 110)
main-source	13	1647	4154	5.91	('so', 54)	('down_low', 17)	('set_off_set', 8)
mobb-deep	102	6487	43891	5.63	('up', 570)	('uh_huh', 46)	('na_na_na', 30)
kool-g-rap-and-dj-polo	11	1972	4379	5.69	('so', 48)	('g_rap', 28)	('kool_g_rap', 13)
mc-hammer	3	413	1038	4.78	('her', 43)	('seen_her', 36)	('have_seen_her', 35)
aaliyah	73	1938	16207	4.49	('if', 259)	('what_if', 98)	('what_if_what', 59)
big-boi	3	423	1260	20.02	('que', 51)	('una_mujer', 23)	('una_mujer_una', 12)
organized-konfusion	30	3902	11816	5.53	('up', 122)	('prince_poetry', 60)	('strikes_two_tokes', 7)
scarface	113	6271	47185	5.65	('nigga', 535)	('mary_mary', 184)	('mary_mary_mary', 172)
lil-wayne	190	8383	73905	5.52	('got', 774)	('lil_wayne', 350)	('wee_ooh_wee', 72)
juvenile	56	3947	27254	5.67	('nigga', 545)	('she_get', 67)	('she_get_from', 56)
jodeci	22	679	4133	3.65	('love', 113)	('ba_ba', 53)	('ba_ba_ba', 41)
janet-jackson	147	2841	27057	3.52	('love', 522)	('oh_oh', 79)	('whoa_whoa_whoa', 46)
tha-eastsidaz	1	295	465	6.87	('shit', 8)	('lay_low', 7)	('better_lay_low', 3)
will-smith	51	3955	20335	5.2	('uh', 198)	('da_da', 90)	('da_da_da', 75)
celly-cel	3	220	315	5.13	('but', 8)	("'til_clouds", 3)	('clouds_go_rain', 3)
luniz	26	3467	15554	5.04	('an', 239)	('baby_mamma', 21)	('highest_niggaz_industry', 17)
lost-boyz	31	2965	12542	5.32	('up', 147)	('mr_cheeks', 55)	('know_how_do', 9)
faith-evans	54	1017	7811	3.9	('love', 306)	('la_la', 58)	('la_la_la', 46)
dmx	165	7040	70203	5.64	('what', 1020)	('uh_huh', 111)	('uh_uh_uh', 47)
king-tee	39	3395	14727	5.54	('get', 175)	('king_tee', 107)	('at_own_risk', 40)
nappy-roots	20	2291	8329	5.93	('ya', 102)	('big_v', 27)	('somethin_cut_somethin', 14)
tha-dogg-pound	16	2242	7079	5.77	('nigga', 69)	('dogg_pound', 37)	('dat_nigga_daz', 24)
az-yet	13	546	1891	4.26	('want', 52)	('dont_want', 21)	('hell_do_want', 11)
notorious-big	77	5861	33333	5.7	('up', 341)	('notorious_big', 90)	('let_get_down', 51)
spearhead	22	2271	6948	5.12	('but', 92)	('can_see', 13)	('just_goin_over', 8)
lisa-stansfield	64	1294	8785	4.37	('love', 203)	('l_stansfieldi', 47)	('na_na_na', 33)
foxx	56	1922	8538	4.46	('want', 122)	('what_want', 31)	('what_want_want', 14)
nas	155	9773	66155	5.72	('they', 647)	('chorus_nas', 72)	('bap_bap_bap', 48)
e-40	55	5110	24607	5.85	('up', 274)	('e_40', 155)	('do_ya_head', 61)
busta-rhymes	142	8086	61255	5.45	('shit', 801)	('busta_rhymes', 383)	('yo_yo_yo', 78)
fabolous	78	5467	29886	5.55	('they', 399)	('uh_huh', 59)	('round_round_round', 32)
mack-10	58	4840	26199	5.63	('nigga', 347)	('mack_10', 198)	('do_damn_thang', 70)
redman	48	4683	18325	5.74	('get', 259)	("let's_get", 50)	("let's_get_dirty", 47)
the-firm	13	2065	5145	5.67	('up', 56)	('foxy_brown', 12)	('make_fuck_somebody', 8)
ultramagnetic-mcs	58	4812	22213	4.95	('up', 233)	('ced_gee', 141)	('two_one_two', 49)
the-coup	36	4292	15115	5.59	('but', 156)	('la_la', 33)	('la_la_la', 30)
ginuwine	57	1671	13680	4.23	('do', 219)	('no_no', 65)	('no_no_no', 50)
ma$e	37	2978	15893	5.5	('all', 219)	('repeat_1', 61)	('what_what_what', 32)
jamiroquai	63	1777	10149	4.22	('yeah', 174)	('yeah_yeah', 75)	('yeah_yeah_yeah', 36)
pete-rock-and-cl-smooth	37	4054	13346	5.45	('so', 148)	('pete_rock', 104)	('pete_rock_cl', 30)
public-enemy	196	7809	61033	4.27	('they', 714)	('chuck_d', 126)	('give_up_give', 47)
masta-ace	11	1666	4577	5.96	('so', 64)	('mad_wunz', 13)	('jeep_ass_niguh', 12)
eazy-e	12	1551	5287	5.27	('eazy', 89)	('eazy_e', 51)	('mc_ren_yo', 5)
kelly-price	51	1553	10058	4.09	('love', 187)	('no_no', 35)	('at_least_can', 31)
master-p	101	5615	42703	5.73	('nigga', 520)	('master_p', 271)	('no_limit_soldiers', 44)
camp-lo	6	370	768	6.21	('clown', 30)	('clown_clown', 19)	('love_gets_twisted', 13)
next	94	3765	22201	4.1	('can', 268)	('yeah_yeah', 65)	('da_da_da', 45)
crucial-conflict	12	1861	5835	5.15	('up', 157)	('gitty_up', 26)	('up_gitty_up', 14)
ll-cool-j	208	10259	89313	5.11	('up', 873)	('cool_j', 642)	('ll_cool_j', 538)
wu-tang-clan	117	9744	54076	5.53	('up', 443)	('wu_tang', 203)	('ol_dirty_bastard', 38)
killah-priest	33	4065	11827	5.31	('from', 144)	('killah_priest', 92)	('what_part_game', 20)
soulja-boy	22	1043	5848	5.82	('got', 158)	('soulja_boy', 99)	('da_da_da', 46)
tevin-campbell	7	400	1216	4.14	('way', 29)	('another_way', 16)	('got_another_way', 9)
a-tribe-called-quest	89	6568	34264	5.52	('do', 333)	('q_tip', 175)	('know_do_up', 34)
eminem	158	9418	72362	5.8	('up', 788)	('slim_shady', 96)	('ha_ha_ha', 38)
cl-smooth	37	4054	13346	5.45	('so', 148)	('pete_rock', 104)	('pete_rock_cl', 30)
da-bulldogs	5	274	561	3.65	('hurry', 12)	('hurry_hurry', 8)	("what's_boy_love", 6)
special-ed	24	2608	8607	5.03	('so', 123)	('special_ed', 24)	('come_rukus_muthafuckin', 12)
en-vogue	48	1691	9483	5.24	('do', 291)	('do_do', 206)	('do_do_do', 190)
ol-dirty-bastard	2	448	896	5.99	('one', 14)	('one_two', 8)	('ol_dirty_bastard', 7)
cage	32	2086	6795	4.39	('la', 105)	('la_la', 87)	('la_la_la', 85)
big-punisher	54	5076	22876	5.77	('big', 218)	('big_punisher', 102)	('dick_dick_dick', 28)
pa	112	3287	20708	4.16	('all', 290)	('oh_oh', 104)	('oh_oh_oh', 72)
the-notorious-big	79	5861	34259	5.69	('up', 347)	('notorious_big', 97)	('let_get_down', 51)
monica	131	3437	27675	4.42	('no', 413)	('no_more', 42)	('la_la_la', 26)
run-dmc	83	4316	26296	5.18	('run', 458)	('run_dmc', 100)	('jam_master_jay', 50)
mc-ren	33	3029	13829	5.88	('niggaz', 276)	('mc_ren', 52)	('happends_every_day', 13)
the-sugarhill-gang	5	1064	3903	4.91	('do', 60)	('do_do', 27)	('do_do_do', 23)
snoop-doggy-dogg	2	430	846	6.3	('but', 26)	('gangsta_party', 15)	('but_gangsta_party', 13)
donell-jones	55	1543	11958	4.39	('know', 219)	('na_na', 43)	('na_na_na', 29)
grand-puba	39	3164	15102	5.7	('dont', 187)	('grand_puba', 105)	('honey_dont_front', 42)
jay-z	210	9674	92315	5.53	('this', 805)	('jay_z', 616)	('uh_huh_uh', 99)
chubb-rock	36	3889	12675	5.54	('but', 128)	('chubb_rock', 70)	('ought_slow_down', 16)
dead-prez	17	2099	6329	5.29	('they', 99)	('hip_hop', 22)	('hip_hop_hip', 12)
nelly	120	5978	42723	5.35	('now', 387)	('uh_uh', 134)	('uh_uh_uh', 70)
sir-mix-a-lot	1	290	499	5.65	('got', 14)	('baby_got', 6)	('baby_got_back', 5)
rottin-razkals	11	1575	4603	4.52	('up', 86)	('up_bat', 28)	('3_up_bat', 28)
xscape	42	1101	6404	4.02	('love', 128)	('repeat_chorus', 67)	('repeat_chorus_fade', 16)
esham	11	1116	2861	6.0	('ya', 46)	("get_'em", 9)	("get_'em_get", 7)
freddie-jackson	7	540	1198	4.16	('crush', 36)	('crush_crush', 21)	('crush_crush_crush', 15)
missy-elliott	26	1621	6418	4.9	('dont', 90)	('uh_huh', 48)	('singing_cant_stand', 28)
changing-faces	36	1227	8630	3.85	('no', 199)	('nah_nah', 96)	('nah_nah_nah', 89)
tupac-shakur	338	10338	165195	5.34	('they', 1639)	('rock_body', 173)	('body_rock_body', 142)
erick-sermon	24	2755	8932	5.82	('up', 113)	('erick_sermon', 60)	('word_em_up', 21)
shyne	26	2797	10163	5.28	('nigga', 116)	("that's_gangsta", 18)	('more_or_less', 12)
d12	76	6227	35904	5.46	('get', 484)	('no_no', 64)	('no_no_no', 62)
gravediggaz	28	3907	10927	4.91	('was', 97)	("what's_goin", 35)	("what's_goin_what's", 22)
def-squad	21	2533	7413	5.28	('yo', 108)	('yo_yo', 43)	('yo_yo_yo', 28)
de-la-soul	95	6542	33559	5.05	('but', 295)	('ha_ha', 80)	('ha_ha_ha', 59)
mariah-carey	170	3244	30699	3.38	('so', 498)	('oh_oh', 98)	('oh_oh_oh', 73)
tha-alkaholiks	57	5033	24196	5.94	('so', 238)	('j_ro', 194)	('da_da_da', 59)
mary-j-blige	116	2999	25164	4.03	('love', 488)	('la_la', 84)	('la_la_la', 75)
foxy-brown	54	3983	21243	5.41	('shit', 214)	('na_na', 113)	('na_na_na', 49)
keith-murray	34	3770	12143	5.36	('up', 156)	('keith_murray', 56)	('shut_fuck_up', 16)
dres	5	269	448	3.27	("what's", 9)	('do_feel', 5)	('do_feel_sorry', 5)
lauryn-hill	25	2110	7465	4.89	('what', 109)	('nothing_even', 30)	('nothing_even_matters', 30)
swollen-members	49	5197	17010	5.29	('this', 153)	('mad_child', 86)	('bump_bump_bump', 24)
saafir	13	1802	3361	4.38	('but', 51)	('he_was', 5)	('can_u_feel', 3)
thug-life	1	282	460	6.46	('they', 10)	('st8_ballin', 7)	('st8_ballin_st8', 3)
cash-money-millionaires	1	241	414	7.66	('an', 17)	('give_fuck', 3)	("love_y'all_broads", 3)
black-star	10	2166	5541	5.47	('mos', 60)	('mos_def', 34)	('shinin_shinin_house', 8)
big-ed	16	1855	6947	5.71	('niggas', 103)	('no_limit', 46)	('time_go_war', 32)
limp-bizkit	64	2769	17139	5.03	('up', 365)	('rollin_rollin', 150)	('rollin_rollin_rollin', 100)
jamie-foxx	15	1014	4019	5.07	('get', 87)	('know_what', 22)	('what_want_want', 14)
black-sheep	21	1265	3882	4.22	('got', 54)	('really_got', 19)	('does_mother_know', 12)
r-kelly	139	4670	42342	5.33	('baby', 608)	('r_kelly', 177)	('made_love_babe', 51)
seal	52	1368	9409	3.62	('love', 204)	('na_na', 65)	('na_na_na', 49)
50-cent	130	6088	51924	5.8	('get', 675)	('50_cent', 367)	('ha_ha_ha', 89)
hot-boys	25	2719	14173	5.64	('nigga', 325)	('boys_at', 56)	('dem_boys_at', 53)
warren-g	52	3649	17686	5.24	('g', 285)	('warren_g', 186)	('why_oh_why', 26)
puff-daddy	51	4592	24831	5.27	('dont', 245)	('uh_huh', 74)	('cant_hold_down', 35)
shai	23	1136	2439	4.03	('this', 61)	('this_song', 8)	('loved_one_dead', 4)
kitty	1	48	60	6.9	('cant', 3)	('touch_heart', 3)	('heart_feel_hurt', 2)
camron	72	5703	33483	5.23	('yo', 375)	('dont_know', 108)	('ya_dont_know', 63)
the-beatnuts	14	1710	4180	5.79	('shit', 63)	('some_shit', 18)	('drink_beer_smoke', 16)
destiny-s-child	107	2718	28372	4.51	('so', 504)	('oh_oh', 310)	('oh_oh_oh', 242)
three-6-mafia	74	4681	29067	5.31	('nigga', 376)	('dj_paul', 85)	('wit_liquor_dat', 39)
the-time	14	996	2604	5.64	('whoa', 48)	('whoa_whoa', 37)	('whoa_whoa_whoa', 26)
clipse	18	2391	8464	5.75	('la', 109)	('la_la', 61)	('l_la_la', 32)
naughty-by-nature	58	5409	28043	6.53	('up', 334)	('get_up', 47)	('ladi_dadi_da', 32)
fugees	36	4057	16613	5.66	('got', 234)	('got_giggles', 77)	('who_got_giggles', 42)
kurupt	8	1129	3198	5.29	('kurupt', 50)	("fuck_ya'll", 14)	('kurupt_young_gotti', 7)
inspectah-deck	5	996	1614	5.62	('inspectah', 20)	('inspectah_deck', 19)	('baby_sweet_love', 4)
lionel-richie	71	1265	11485	4.25	('love', 242)	('all_night', 40)	('cant_slow_down', 27)
goodie-mob	46	4418	19129	5.63	('but', 196)	('ha_ha', 41)	('ha_ha_ha', 35)
plies	34	2113	13257	7.14	('nigga', 292)	('who_hotter', 39)	('who_hotter_than', 39)
kool-moe-dee	26	2827	10515	4.35	('cause', 123)	("time's_up", 34)	('funke_funke_funke', 20)
lloyd-banks	39	3360	17781	5.82	('up', 285)	("'em_up", 95)	("put_'em_up", 94)
keith-sweat	23	1192	7264	4.27	('do', 146)	('not_ready', 70)	('one_one_one', 36)
lord-tariq-and-peter-gunz	13	1937	6251	5.22	('gunz', 81)	('lord_tariq', 59)	('do_wanna_fuck', 15)
geto-boys	57	4539	25475	5.4	('up', 315)	('willie_d', 69)	('dont_give_fuck', 20)
ludacris	84	5806	32331	5.96	('up', 438)	('yo_yo', 44)	('yo_yo_yo', 34)
big-l	28	3008	12096	5.9	('big', 183)	('big_l', 142)	('big_l_big', 20)
psycho-realm	25	2591	7310	5.33	('all', 89)	('mr_duke', 12)	('crazy_head_locos', 6)
outlawz	13	1867	7216	4.68	('hang', 78)	('this_motherfucker', 34)	('westside_this_motherfucker', 23)
tlc	69	2367	16432	4.07	('so', 252)	('oh_oh', 81)	('doo_doo_doo', 64)
sporty-thievz	10	2012	5050	6.21	('up', 67)	('uh_uh', 12)	('uh_uh_uh', 7)
pm-dawn	1	182	248	6.04	('her', 8)	('her_right', 2)	('put_her_right', 2)
das-efx	50	4682	19977	6.1	('so', 258)	('niggas_just', 47)	('just_cant_have', 45)
destiny	107	2718	28372	4.51	('so', 504)	('oh_oh', 310)	('oh_oh_oh', 242)
nate-dogg	54	2623	13632	4.94	('if', 176)	('were_world', 86)	('this_were_world', 86)
bobby-brown	10	729	1599	4.46	('no', 38)	('no_puedo', 20)	('no_puedo_no', 11)
jungle-brothers	19	2081	7249	4.91	('got', 91)	('jungle_brother', 37)	('black_black_black', 23)
prince	160	4799	30930	4.76	('u', 489)	('cant_wait', 62)	('cant_wait_cant', 38)
mike-g	4	108	170	3.79	('pitstop', 6)	('live_life', 3)	('how_live_life', 2)
montell-jordan	70	2436	15181	4.17	('so', 225)	('repeat_1', 130)	('repeat_1_repeat', 37)
the-neptunes	1	155	310	5.83	('baby', 9)	('dirty_dog', 7)	('dirty_dog_dirty', 6)
craig-mack	8	1242	3420	5.26	('mack', 70)	('ya_ear', 26)	('flava_ya_ear', 25)
domino	39	1634	5398	4.52	('all', 64)	('lazy_lady', 20)	('lady_get_out', 10)
cypress-hill	176	8506	60747	5.33	('up', 745)	('b_real', 397)	('la_la_la', 84)
wyclef-jean	101	6258	38817	5.28	('wyclef', 409)	('wyclef_jean', 117)	('oh_oh_oh', 51)
barry-white	8	316	1496	4.73	('love', 41)	('dont_know', 25)	('get_enough_love', 16)
too-short	107	5534	53929	5.55	('all', 595)	('too_hort', 278)	('too_hort_baby', 35)
mase	47	3419	19734	5.42	('what', 280)	('repeat_1', 98)	('what_what_what', 39)
ti	110	6200	49060	6.04	('aint', 654)	('ay_ay', 88)	('ay_ay_ay', 53)
kool-g-rap	11	1972	4379	5.69	('so', 48)	('g_rap', 28)	('kool_g_rap', 13)
magic	86	4009	21417	5.66	('no', 295)	('se_voc', 54)	('put_drank_down', 35)
aesop-rock	116	13048	53465	7.94	('up', 385)	('aesop_rock', 134)	('take_brain_out', 16)
dark-lotus	31	2993	12642	4.26	('they', 133)	('dot_com', 74)	('shaggy_2_dope', 34)
deborah-cox	38	1073	5926	4.25	('love', 117)	('chorus_x', 23)	('chorus_x_2', 18)
lil-twist	30	2214	10397	6.18	('this', 130)	('ball_out', 58)	('out_ball_out', 41)
bone-thugs	127	6395	68531	5.81	('up', 1061)	('krayzie_bone', 129)	('bone_bone_bone', 83)
grandmaster-flash	9	1265	3068	5.68	('get', 54)	('wrapped_up', 18)	('yourswinners_never_quit', 10)
lil-kim	70	5070	28936	5.34	('kim', 351)	('lil_kim', 254)	('chorus_lil_kim', 29)
tyler	191	2719	28149	4.29	('love', 497)	('written_by', 144)	('there_were_times', 28)
vanilla-ice	8	872	2514	5.21	('here', 55)	('here_come', 49)	('come_here_come', 46)
digital-underground	39	2373	9391	4.48	('do', 92)	('humpty_hump', 43)	('na_na_na', 40)
da-brat	15	1454	4854	5.33	('da', 64)	('da_brat', 41)	("that's_what_lookin", 11)
the-black-eyed-peas	65	3975	22420	4.91	('get', 329)	('no_no', 79)	('ya_ya_ya', 58)
unk	17	1532	6275	6.19	('now', 147)	('bring_back', 58)	('bring_back_bring', 25)
erykah-badu	59	1894	12624	4.02	('love', 262)	('dont_want', 65)	('no_no_no', 43)
toni-braxton	71	1833	13760	4.73	('love', 262)	('yeah_yeah', 39)	('why_should_care', 28)
bg	58	4187	29013	5.68	('nigga', 660)	('what_what', 60)	('what_what_what', 38)
oc	40	2530	8730	4.71	('no', 146)	('here_go', 31)	('go_here_go', 27)
jurassic-5	29	3593	11471	4.89	('all', 93)	('dah_dah', 25)	('one_them_niggas', 15)
dj-quik	21	935	3302	4.51	('la', 88)	('la_la', 82)	('la_la_la', 76)
maxwell	37	922	4328	4.03	('baby', 75)	('repeat_1', 43)	("let's_not_play", 16)
slick-rick	32	3415	13044	5.88	('was', 145)	('slick_rick', 54)	('run_r_run', 19)
mo-thugs	8	952	2711	25.93	('mo', 60)	('mo_thug', 34)	('mo_thug_mo', 14)
